11_gourmet_neg_1	11_gourmet_neg_0
11_gourmet_neg_2	11_gourmet_neg_1
11_gourmet_neg_3	11_gourmet_neg_2
11_gourmet_neg_4	11_gourmet_neg_3
11_gourmet_neg_5	11_gourmet_neg_4
11_gourmet_neg_6	11_gourmet_neg_5
11_gourmet_neg_7	11_gourmet_neg_6
11_gourmet_neg_8	11_gourmet_neg_7
11_gourmet_neg_9	11_gourmet_neg_8
11_gourmet_neg_10	11_gourmet_neg_9
11_gourmet_neg_11	11_gourmet_neg_10
11_gourmet_neg_12	11_gourmet_neg_11
11_gourmet_neg_13	11_gourmet_neg_12
11_gourmet_neg_14	11_gourmet_neg_13
11_gourmet_neg_15	11_gourmet_neg_14
11_gourmet_neg_16	11_gourmet_neg_15
