7_gourmet_pos_1	7_gourmet_pos_2
7_gourmet_pos_2	7_gourmet_pos_3
7_gourmet_pos_3	7_gourmet_pos_4
7_gourmet_pos_4	7_gourmet_pos_5
7_gourmet_pos_5	7_gourmet_pos_6
7_gourmet_pos_6	7_gourmet_pos_7
7_gourmet_pos_7	7_gourmet_pos_8
7_gourmet_pos_8	7_gourmet_pos_9
7_gourmet_pos_9	7_gourmet_pos_10
7_gourmet_pos_10	7_gourmet_pos_11
7_gourmet_pos_11	7_gourmet_pos_12
7_gourmet_pos_12	7_gourmet_pos_13
7_gourmet_pos_13	7_gourmet_pos_14
7_gourmet_pos_14	7_gourmet_pos_15
7_gourmet_pos_15	7_gourmet_pos_16
7_gourmet_pos_16	7_gourmet_pos_17
7_gourmet_pos_18	7_gourmet_pos_19
7_gourmet_pos_19	7_gourmet_pos_20
7_gourmet_pos_20	7_gourmet_pos_21
7_gourmet_pos_21	7_gourmet_pos_22
7_gourmet_pos_22	7_gourmet_pos_23
7_gourmet_pos_23	7_gourmet_pos_24
7_gourmet_pos_24	7_gourmet_pos_25
7_gourmet_pos_25	7_gourmet_pos_26
7_gourmet_pos_26	7_gourmet_pos_27
7_gourmet_pos_27	7_gourmet_pos_28
7_gourmet_pos_28	7_gourmet_pos_29
7_gourmet_pos_29	7_gourmet_pos_30
7_gourmet_pos_30	7_gourmet_pos_31
7_gourmet_pos_31	7_gourmet_pos_32
7_gourmet_pos_32	7_gourmet_pos_33
7_gourmet_pos_33	7_gourmet_pos_34
7_gourmet_pos_34	7_gourmet_pos_35
7_gourmet_pos_35	7_gourmet_pos_36
7_gourmet_pos_37	7_gourmet_pos_38
7_gourmet_pos_38	7_gourmet_pos_39
7_gourmet_pos_39	7_gourmet_pos_40
7_gourmet_pos_40	7_gourmet_pos_41
7_gourmet_pos_41	7_gourmet_pos_42
7_gourmet_pos_42	7_gourmet_pos_43
7_gourmet_pos_43	7_gourmet_pos_44
7_gourmet_pos_44	7_gourmet_pos_45
7_gourmet_pos_45	7_gourmet_pos_46
